<?xml version="1.0" encoding="UTF-8"?>
<templates id="template" xml:space="preserve">
    <t t-extend="OrderSelectorWidget">
        <t t-jquery="div.order-selector" t-operation="append">
            <div>
                <span class="order-button square orders-list">
                    Orders
                </span>
            </div>
        </t>
    </t>
    <t t-name="OrderLine">
        <tr class='order-line' t-att-data-id='order.id'>
            <td><t t-esc='order.pos_reference' /></td>
            <td><t t-esc='order.partner_id[1]' /></td>
            <td><t t-esc='order.session_id[1]'/></td>
            <td><t t-esc='order.amount_total'/></td>
            <td class="print-button" t-att-data-id='order.pos_reference'><span >Print</span></td>
        </tr>
    </t>
    <t t-name="OldOrdersWidget">
        <div class="clientlist-screen screen">
            <div class="screen-content">
                <section class="top-content">
                    <span class='button back'>
                        <i class='fa fa-angle-double-left'></i>
                        Cancel
                    </span>
                    <span class='searchbox' style="margin-left:217px !important;">
                        <input placeholder='Search Orders by ref' />
                        <span class='search-clear'></span>
                    </span>
                    <div class="centered-content-new" style="position:absolute;margin-left:12%;margin-top:-62px;width:20%;">
                        <div class="button print" style="display:none;">
                            <i class='fa fa-print'></i> Print Receipt
                        </div>
                    </div>

                </section>
                <section class="full-content">
                    <div class='window'>
                        <section class='subwindow collapsed'>
                            <div class='subwindow-container collapsed'>
                                <div class='subwindow-container-fix order-details-contents'>
                                </div>
                            </div>
                        </section>
                        <section class='subwindow'>
                            <div class='subwindow-container'>
                                <div class='subwindow-container-fix touch-scrollable scrollable-y'>
                                    <table class='client-list'>
                                        <thead>
                                            <tr>
                                                <th>Reciept Ref.</th>
                                                <th>Partner</th>
                                                <th>Session</th>
                                                <th>Amount Total</th>
                                            </tr>
                                        </thead>
                                        <tbody class='order-list-contents'>
                                        </tbody>
                                    </table>
                                </div>
                            </div>
                        </section>
                    </div>
                </section>
            </div>
        </div>
    </t>

    <t t-name="PosTicketOld">
        <div class="pos-sale-ticket" style="margin-left:30% !important;">

            <div class="pos-center-align"><t t-esc="moment().format('L LT')"/> <t t-esc="order.pos_reference"/></div>
            <br />
            <t t-esc="widget.pos.company.name"/><br />
            Phone: <t t-esc="widget.pos.company.phone || ''"/><br />
            User: <t t-esc="widget.pos.cashier ? widget.pos.cashier.name : widget.pos.user.name"/><br />
            <br />
            <t t-if="order.get_client()">
                Customer: <t t-esc="order.get_client().name"/><br />
            </t>
            <br />

            <table class='receipt-orderlines'>
                <colgroup>
                    <col width='50%' />
                    <col width='25%' />
                    <col width='25%' />
                </colgroup>
                <tr t-foreach="orderlines" t-as="orderline">
                    <td>
                        <t t-esc="orderline.product_id"/>
                         <t t-if="orderline.discount > 0">
                            <div class="pos-disc-font">
                                With a <t t-esc="orderline.discount"/>% discount
                            </div>
                        </t>
                    </td>
                    <td class="pos-right-align">
                        <t t-esc="orderline.qty"/>
                    </td>
                    <td class="pos-right-align">
                        <t t-esc="widget.format_currency(orderline.price_unit)"/>
                    </td>
                </tr>
            </table>
            <br />
            <table class='receipt-total'>
                <tr>
                    <td>Subtotal:</td>
                    <td class="pos-right-align">
                        <t t-esc="widget.format_currency(order.amount_total-order.amount_tax)"/>
                    </td>
                </tr>
                <tr>
                    <td>Tax:</td>
                    <td class="pos-right-align">
                        <t t-esc="widget.format_currency(order.amount_tax)" />
                    </td>
                </tr>
                <tr>
                    <td>Discount:</td>
                    <td class="pos-right-align">
                        <t t-esc="widget.format_currency(discount_total)"/>
                    </td>
                </tr>
                <tr class="emph">
                    <td>Total:</td>
                    <td class="pos-right-align">
                        <t t-esc="widget.format_currency(order.amount_total)"/>
                    </td>
                </tr>
            </table>
            <br />
            <table class='receipt-paymentlines'>
                <t t-foreach="paymentlines" t-as="line">
                  <tr>
                      <td>
                          <t t-esc="line.name"/>
                      </td>
                      <td class="pos-right-align">
                          <t t-esc="widget.format_currency(line.amount)"/>
                      </td>
                  </tr>
                </t>
            </table>
            <br />
            <table class='receipt-change'>
                <tr><td>Change:</td><td class="pos-right-align">
                    <t t-esc="widget.format_currency(change)"/>
                    </td></tr>
            </table>
        </div>
    </t>

</templates>